reservation_id,stay_length,adults,children,estimated_amenities_total,tax_rate,booking_channel,payment_status,room_id,hotel_id,guest_id,check_in,check_out,room_rate,subtotal,tax_amount,total_amount
20000,6,1,0,13.54,0.12,phone,pending,1000,100,5000,2025-07-09,2025-07-15,174.04,1057.78,126.93,1184.71
20001,14,2,2,79.58,0.12,phone,unpaid,1001,102,5001,2025-07-09,2025-07-23,156.95,2276.88,273.23,2550.11
20002,12,1,0,86.77,0.12,phone,pending,1002,102,5002,2025-07-12,2025-07-24,335.45,4112.17,493.46,4605.63
20003,1,2,3,22.96,0.12,direct,unpaid,1003,100,5003,2025-07-13,2025-07-14,106.42,129.38,15.53,144.91
20004,14,1,0,88.34,0.12,corporate,pending,1004,102,5004,2025-07-13,2025-07-27,99.44,1480.5,177.66,1658.16
20005,14,2,3,63.3,0.12,direct,paid,1005,101,5005,2025-07-13,2025-07-27,300.62,4271.98,512.64,4784.62
20006,3,1,2,91.4,0.12,OTA,paid,1006,102,5006,2025-07-14,2025-07-17,137.47,503.81,60.46,564.27
20007,9,1,1,76.71,0.12,OTA,paid,1007,102,5007,2025-07-16,2025-07-25,184.44,1736.67,208.4,1945.07
20008,6,1,2,64.32,0.12,phone,unpaid,1008,100,5008,2025-07-23,2025-07-29,255.88,1599.6,191.95,1791.55
20009,10,2,1,74.86,0.12,OTA,paid,1009,100,5009,2025-07-21,2025-07-31,164.2,1716.86,206.02,1922.88
20010,3,2,3,5.11,0.12,direct,paid,1010,101,5010,2025-07-30,2025-08-02,312.33,942.1,113.05,1055.15
20011,3,2,0,16.54,0.12,direct,paid,1011,100,5011,2025-07-19,2025-07-22,158.19,491.11,58.93,550.04
20012,14,2,2,68.87,0.12,OTA,paid,1012,100,5012,2025-07-21,2025-08-04,104.96,1538.31,184.6,1722.91
20013,9,2,1,30.91,0.12,corporate,unpaid,1013,101,5013,2025-07-24,2025-08-02,163.71,1504.3,180.52,1684.82
20014,2,1,1,1.77,0.12,direct,pending,1014,101,5014,2025-08-01,2025-08-03,198.32,398.41,47.81,446.22
20015,12,2,1,92.29,0.12,OTA,paid,1015,101,5015,2025-07-26,2025-08-07,202.12,2517.73,302.13,2819.86
20016,4,2,0,4.45,0.12,OTA,pending,1016,100,5016,2025-07-12,2025-07-16,107.14,433.01,51.96,484.97
20017,12,1,0,3.44,0.12,phone,paid,1017,102,5017,2025-07-12,2025-07-24,172.31,2071.16,248.54,2319.7
20018,3,2,2,16.83,0.12,phone,paid,1018,101,5018,2025-07-19,2025-07-22,76.63,246.72,29.61,276.33
20019,13,1,1,21.62,0.12,OTA,paid,1019,101,5019,2025-07-12,2025-07-25,212.66,2786.2,334.34,3120.54
20020,12,1,1,98.67,0.12,corporate,unpaid,1020,100,5020,2025-07-13,2025-07-25,250.99,3110.55,373.27,3483.82
20021,1,2,0,5.22,0.12,direct,paid,1021,101,5021,2025-07-14,2025-07-15,303.51,308.73,37.05,345.78
20022,3,2,3,10.64,0.12,OTA,paid,1022,102,5022,2025-07-16,2025-07-19,238.42,725.9,87.11,813.01
20023,10,2,1,92.81,0.12,direct,pending,1023,101,5023,2025-07-18,2025-07-28,102.45,1117.31,134.08,1251.39
20024,11,1,3,40.79,0.12,corporate,unpaid,1024,101,5024,2025-07-20,2025-07-31,72.96,843.35,101.2,944.55
20025,13,2,0,26.77,0.12,direct,unpaid,1025,102,5025,2025-07-18,2025-07-31,244.19,3201.24,384.15,3585.39
20026,4,2,3,60.37,0.12,OTA,unpaid,1026,101,5026,2025-07-26,2025-07-30,322.84,1351.73,162.21,1513.94
20027,5,1,1,38.53,0.12,phone,pending,1027,101,5027,2025-07-25,2025-07-30,85.41,465.58,55.87,521.45
20028,5,1,2,77.44,0.12,corporate,unpaid,1028,101,5028,2025-07-20,2025-07-25,123.85,696.69,83.6,780.29
20029,2,1,2,73.91,0.12,corporate,unpaid,1029,102,5029,2025-08-01,2025-08-03,116.17,306.25,36.75,343.0
20030,11,1,1,53.88,0.12,direct,unpaid,1030,101,5030,2025-07-23,2025-08-03,225.49,2534.27,304.11,2838.38
20031,7,2,1,82.57,0.12,phone,pending,1031,100,5031,2025-07-25,2025-08-01,122.1,937.27,112.47,1049.74
20032,14,2,3,43.38,0.12,OTA,paid,1032,101,5032,2025-07-09,2025-07-23,302.37,4276.56,513.19,4789.75
20033,8,2,2,24.91,0.12,direct,paid,1033,101,5033,2025-07-10,2025-07-18,155.33,1267.55,152.11,1419.66
20034,11,2,0,15.02,0.12,direct,pending,1034,100,5034,2025-07-11,2025-07-22,237.27,2624.99,315.0,2939.99
20035,10,1,3,32.1,0.12,phone,paid,1035,102,5035,2025-07-14,2025-07-24,113.57,1167.8,140.14,1307.94
20036,9,1,0,36.29,0.12,OTA,unpaid,1036,100,5036,2025-07-18,2025-07-27,259.34,2370.35,284.44,2654.79
20037,1,1,2,69.48,0.12,corporate,unpaid,1037,102,5037,2025-07-26,2025-07-27,246.62,316.1,37.93,354.03
20038,7,2,1,22.95,0.12,corporate,pending,1038,101,5038,2025-07-14,2025-07-21,206.9,1471.25,176.55,1647.8
20039,13,1,2,78.29,0.12,phone,pending,1039,100,5039,2025-07-15,2025-07-28,115.65,1581.74,189.81,1771.55
20040,10,2,3,64.56,0.12,phone,unpaid,1040,100,5040,2025-07-19,2025-07-29,228.63,2350.86,282.1,2632.96
20041,6,1,2,21.16,0.12,phone,pending,1041,100,5041,2025-07-19,2025-07-25,257.0,1563.16,187.58,1750.74
20042,8,2,2,29.56,0.12,direct,paid,1042,101,5042,2025-07-19,2025-07-27,156.08,1278.2,153.38,1431.58
20043,2,2,1,59.61,0.12,OTA,paid,1043,101,5043,2025-07-23,2025-07-25,297.07,653.75,78.45,732.2
20044,10,2,1,12.31,0.12,direct,paid,1044,100,5044,2025-07-20,2025-07-30,184.03,1852.61,222.31,2074.92
20045,7,1,0,24.25,0.12,direct,pending,1045,100,5045,2025-07-26,2025-08-02,112.61,812.52,97.5,910.02
20046,9,2,3,11.2,0.12,phone,paid,1046,100,5046,2025-07-27,2025-08-05,174.01,1577.29,189.27,1766.56
20047,2,1,1,16.18,0.12,direct,unpaid,1047,100,5047,2025-07-26,2025-07-28,180.01,376.2,45.14,421.34
20048,3,2,1,15.72,0.12,phone,paid,1048,102,5048,2025-07-19,2025-07-22,162.92,504.48,60.54,565.02
20049,11,2,3,7.3,0.12,corporate,pending,1049,101,5049,2025-07-11,2025-07-22,72.86,808.76,97.05,905.81
20050,6,1,1,49.05,0.12,corporate,paid,1050,102,5050,2025-07-15,2025-07-21,240.97,1494.87,179.38,1674.25
20051,2,2,1,14.76,0.12,direct,paid,1051,102,5051,2025-07-24,2025-07-26,183.47,381.7,45.8,427.5
20052,2,2,0,6.81,0.12,phone,unpaid,1052,100,5052,2025-07-22,2025-07-24,173.65,354.11,42.49,396.6
20053,12,1,0,64.71,0.12,phone,unpaid,1053,102,5053,2025-07-16,2025-07-28,86.49,1102.59,132.31,1234.9
20054,7,1,3,95.65,0.12,OTA,paid,1054,102,5054,2025-07-16,2025-07-23,106.88,843.81,101.26,945.07
20055,14,2,0,97.9,0.12,phone,unpaid,1055,101,5055,2025-07-16,2025-07-30,89.55,1351.6,162.19,1513.79
20056,14,1,2,32.73,0.12,direct,paid,1056,102,5056,2025-07-16,2025-07-30,84.87,1220.91,146.51,1367.42
20057,8,1,3,14.14,0.12,direct,unpaid,1057,101,5057,2025-07-21,2025-07-29,310.39,2497.26,299.67,2796.93
20058,5,1,2,26.17,0.12,corporate,paid,1058,100,5058,2025-07-20,2025-07-25,228.83,1170.32,140.44,1310.76
20059,1,1,2,78.67,0.12,corporate,unpaid,1059,100,5059,2025-07-27,2025-07-28,361.1,439.77,52.77,492.54
20060,13,2,0,66.8,0.12,phone,unpaid,1000,100,5060,2025-07-26,2025-08-08,174.04,2329.32,279.52,2608.84
20061,8,2,3,54.72,0.12,direct,paid,1001,102,5061,2025-07-31,2025-08-08,156.95,1310.32,157.24,1467.56
20062,8,2,1,2.49,0.12,OTA,pending,1002,102,5062,2025-07-29,2025-08-06,335.45,2686.09,322.33,3008.42
20063,4,2,3,99.84,0.12,OTA,paid,1003,100,5063,2025-07-28,2025-08-01,106.42,525.52,63.06,588.58
20064,7,1,2,11.94,0.12,phone,paid,1004,102,5064,2025-08-01,2025-08-08,99.44,708.02,84.96,792.98
20065,10,2,1,23.79,0.12,corporate,unpaid,1005,101,5065,2025-07-29,2025-08-08,300.62,3029.99,363.6,3393.59
20066,1,1,2,7.19,0.12,OTA,pending,1006,102,5066,2025-08-06,2025-08-07,137.47,144.66,17.36,162.02
20067,14,2,0,89.94,0.12,direct,paid,1007,102,5067,2025-08-01,2025-08-15,184.44,2672.1,320.65,2992.75
20068,6,2,2,7.6,0.12,OTA,paid,1008,100,5068,2025-08-06,2025-08-12,255.88,1542.88,185.15,1728.03
20069,3,1,1,51.9,0.12,phone,paid,1009,100,5069,2025-08-04,2025-08-07,164.2,544.5,65.34,609.84
20070,8,1,2,48.67,0.12,corporate,paid,1010,101,5070,2025-08-10,2025-08-18,312.33,2547.31,305.68,2852.99
20071,14,1,1,76.88,0.12,phone,paid,1011,100,5071,2025-08-05,2025-08-19,158.19,2291.54,274.98,2566.52
20072,5,2,0,69.38,0.12,direct,unpaid,1012,100,5072,2025-08-15,2025-08-20,104.96,594.18,71.3,665.48
20073,10,1,1,43.63,0.12,direct,unpaid,1013,101,5073,2025-08-06,2025-08-16,163.71,1680.73,201.69,1882.42
20074,3,2,1,9.57,0.12,phone,unpaid,1014,101,5074,2025-08-17,2025-08-20,198.32,604.53,72.54,677.07
20075,4,2,3,7.67,0.12,OTA,unpaid,1015,101,5075,2025-08-19,2025-08-23,202.12,816.15,97.94,914.09
20076,9,2,3,42.85,0.12,phone,unpaid,1016,100,5076,2025-07-30,2025-08-08,107.14,1007.11,120.85,1127.96
20077,8,1,3,69.58,0.12,direct,unpaid,1017,102,5077,2025-07-25,2025-08-02,172.31,1448.06,173.77,1621.83
20078,14,2,2,12.62,0.12,direct,unpaid,1018,101,5078,2025-07-27,2025-08-10,76.63,1085.44,130.25,1215.69
20079,14,1,0,46.73,0.12,phone,pending,1019,101,5079,2025-07-27,2025-08-10,212.66,3023.97,362.88,3386.85
20080,12,1,2,5.44,0.12,corporate,unpaid,1020,100,5080,2025-07-30,2025-08-11,250.99,3017.32,362.08,3379.4
20081,11,1,3,96.08,0.12,corporate,pending,1021,101,5081,2025-07-31,2025-08-11,303.51,3434.69,412.16,3846.85
20082,1,2,0,40.69,0.12,direct,unpaid,1022,102,5082,2025-08-12,2025-08-13,238.42,279.11,33.49,312.6
20083,1,2,0,48.42,0.12,phone,pending,1023,101,5083,2025-08-14,2025-08-15,102.45,150.87,18.1,168.97
20084,9,2,2,91.35,0.12,direct,unpaid,1024,101,5084,2025-08-04,2025-08-13,72.96,747.99,89.76,837.75
20085,12,2,0,84.07,0.12,OTA,pending,1025,102,5085,2025-08-03,2025-08-15,244.19,3014.35,361.72,3376.07
20086,7,1,1,38.56,0.12,OTA,pending,1026,101,5086,2025-08-08,2025-08-15,322.84,2298.44,275.81,2574.25
20087,10,2,2,28.06,0.12,OTA,paid,1027,101,5087,2025-08-09,2025-08-19,85.41,882.16,105.86,988.02
20088,5,2,2,18.87,0.12,corporate,unpaid,1028,101,5088,2025-08-13,2025-08-18,123.85,638.12,76.57,714.69
20089,9,2,0,52.11,0.12,phone,paid,1029,102,5089,2025-08-10,2025-08-19,116.17,1097.64,131.72,1229.36
20090,6,2,0,93.37,0.12,phone,pending,1030,101,5090,2025-08-16,2025-08-22,225.49,1446.31,173.56,1619.87
20091,5,1,3,41.51,0.12,corporate,pending,1031,100,5091,2025-08-18,2025-08-23,122.1,652.01,78.24,730.25
20092,8,1,1,29.42,0.12,corporate,pending,1032,101,5092,2025-07-26,2025-08-03,302.37,2448.38,293.81,2742.19
20093,14,2,0,46.38,0.12,direct,paid,1033,101,5093,2025-07-26,2025-08-09,155.33,2221.0,266.52,2487.52
20094,6,2,1,2.09,0.12,OTA,unpaid,1034,100,5094,2025-08-03,2025-08-09,237.27,1425.71,171.09,1596.8
20095,9,1,2,44.08,0.12,OTA,paid,1035,102,5095,2025-07-31,2025-08-09,113.57,1066.21,127.95,1194.16
20096,9,2,2,63.74,0.12,direct,pending,1036,100,5096,2025-08-01,2025-08-10,259.34,2397.8,287.74,2685.54
20097,11,2,3,93.79,0.12,OTA,paid,1037,102,5097,2025-08-02,2025-08-13,246.62,2806.61,336.79,3143.4
20098,8,1,2,41.62,0.12,OTA,pending,1038,101,5098,2025-08-06,2025-08-14,206.9,1696.82,203.62,1900.44
20099,8,1,0,60.23,0.12,OTA,pending,1039,100,5099,2025-08-05,2025-08-13,115.65,985.43,118.25,1103.68
20100,3,2,2,73.99,0.12,phone,paid,1040,100,5100,2025-08-07,2025-08-10,228.63,759.88,91.19,851.07
20101,11,1,3,93.81,0.12,OTA,pending,1041,100,5101,2025-08-06,2025-08-17,257.0,2920.81,350.5,3271.31
20102,10,1,1,61.91,0.12,phone,pending,1042,101,5102,2025-08-03,2025-08-13,156.08,1622.71,194.73,1817.44
20103,8,2,3,70.9,0.12,corporate,pending,1043,101,5103,2025-08-06,2025-08-14,297.07,2447.46,293.7,2741.16
20104,9,1,0,1.58,0.12,phone,paid,1044,100,5104,2025-08-10,2025-08-19,184.03,1657.85,198.94,1856.79
20105,9,1,0,23.2,0.12,phone,paid,1045,100,5105,2025-08-07,2025-08-16,112.61,1036.69,124.4,1161.09
20106,8,1,1,23.1,0.12,OTA,unpaid,1046,100,5106,2025-08-12,2025-08-20,174.01,1415.18,169.82,1585.0
20107,12,1,1,58.18,0.12,direct,pending,1047,100,5107,2025-08-08,2025-08-20,180.01,2218.3,266.2,2484.5
20108,11,1,2,30.87,0.12,OTA,pending,1048,102,5108,2025-07-27,2025-08-07,162.92,1822.99,218.76,2041.75
20109,8,2,0,95.14,0.12,phone,paid,1049,101,5109,2025-07-25,2025-08-02,72.86,678.02,81.36,759.38
20110,4,1,1,34.3,0.12,OTA,unpaid,1050,102,5110,2025-08-03,2025-08-07,240.97,998.18,119.78,1117.96
20111,8,2,3,72.45,0.12,OTA,pending,1051,102,5111,2025-08-01,2025-08-09,183.47,1540.21,184.83,1725.04
20112,6,1,1,21.48,0.12,direct,pending,1052,100,5112,2025-08-04,2025-08-10,173.65,1063.38,127.61,1190.99
20113,9,1,0,49.65,0.12,phone,pending,1053,102,5113,2025-07-31,2025-08-09,86.49,828.06,99.37,927.43
20114,3,2,2,9.49,0.12,OTA,paid,1054,102,5114,2025-08-01,2025-08-04,106.88,330.13,39.62,369.75
20115,1,1,0,50.21,0.12,corporate,unpaid,1055,101,5115,2025-08-12,2025-08-13,89.55,139.76,16.77,156.53
20116,7,2,0,52.9,0.12,corporate,unpaid,1056,102,5116,2025-08-07,2025-08-14,84.87,646.99,77.64,724.63
20117,14,1,2,77.06,0.12,corporate,unpaid,1057,101,5117,2025-08-02,2025-08-16,310.39,4422.52,530.7,4953.22
20118,1,2,1,33.54,0.12,phone,paid,1058,100,5118,2025-08-04,2025-08-05,228.83,262.37,31.48,293.85
20119,7,2,1,66.07,0.12,corporate,unpaid,1059,100,5119,2025-08-11,2025-08-18,361.1,2593.77,311.25,2905.02
20120,3,2,2,9.94,0.12,OTA,pending,1000,100,5120,2025-08-16,2025-08-19,174.04,532.06,63.85,595.91
20121,6,2,2,83.94,0.12,corporate,unpaid,1001,102,5121,2025-08-13,2025-08-19,156.95,1025.64,123.08,1148.72
20122,12,1,0,44.89,0.12,phone,unpaid,1002,102,5122,2025-08-12,2025-08-24,335.45,4070.29,488.43,4558.72
20123,9,1,2,7.95,0.12,corporate,unpaid,1003,100,5123,2025-08-13,2025-08-22,106.42,965.73,115.89,1081.62
20124,2,1,1,31.61,0.12,corporate,paid,1004,102,5124,2025-08-21,2025-08-23,99.44,230.49,27.66,258.15
20125,11,2,3,58.89,0.12,OTA,unpaid,1005,101,5125,2025-08-18,2025-08-29,300.62,3365.71,403.89,3769.6
20126,3,2,2,86.09,0.12,phone,unpaid,1006,102,5126,2025-08-21,2025-08-24,137.47,498.5,59.82,558.32
20127,1,2,0,33.9,0.12,corporate,unpaid,1007,102,5127,2025-08-20,2025-08-21,184.44,218.34,26.2,244.54
20128,1,2,0,71.05,0.12,phone,pending,1008,100,5128,2025-08-28,2025-08-29,255.88,326.93,39.23,366.16
20129,4,2,0,60.48,0.12,direct,paid,1009,100,5129,2025-08-29,2025-09-02,164.2,717.28,86.07,803.35
20130,6,2,1,20.92,0.12,corporate,pending,1010,101,5130,2025-08-25,2025-08-31,312.33,1894.9,227.39,2122.29
20131,11,1,0,64.9,0.12,phone,unpaid,1011,100,5131,2025-08-23,2025-09-03,158.19,1804.99,216.6,2021.59
20132,4,2,3,73.08,0.12,corporate,paid,1012,100,5132,2025-08-24,2025-08-28,104.96,492.92,59.15,552.07
20133,11,1,3,21.94,0.12,direct,unpaid,1013,101,5133,2025-08-23,2025-09-03,163.71,1822.75,218.73,2041.48
20134,10,1,0,27.79,0.12,phone,paid,1014,101,5134,2025-08-24,2025-09-03,198.32,2010.99,241.32,2252.31
20135,8,1,0,87.05,0.12,OTA,unpaid,1015,101,5135,2025-08-25,2025-09-02,202.12,1704.01,204.48,1908.49
20136,7,2,1,35.51,0.12,phone,pending,1016,100,5136,2025-08-12,2025-08-19,107.14,785.49,94.26,879.75
20137,1,1,3,33.83,0.12,corporate,unpaid,1017,102,5137,2025-08-19,2025-08-20,172.31,206.14,24.74,230.88
20138,13,2,0,14.02,0.12,corporate,pending,1018,101,5138,2025-08-12,2025-08-25,76.63,1010.21,121.23,1131.44
20139,6,1,0,70.85,0.12,phone,paid,1019,101,5139,2025-08-16,2025-08-22,212.66,1346.81,161.62,1508.43
20140,9,1,0,19.67,0.12,corporate,pending,1020,100,5140,2025-08-14,2025-08-23,250.99,2278.58,273.43,2552.01
20141,9,1,0,89.53,0.12,direct,unpaid,1021,101,5141,2025-08-15,2025-08-24,303.51,2821.12,338.53,3159.65
20142,11,2,1,67.94,0.12,corporate,unpaid,1022,102,5142,2025-08-16,2025-08-27,238.42,2690.56,322.87,3013.43
20143,8,1,2,84.81,0.12,phone,unpaid,1023,101,5143,2025-08-23,2025-08-31,102.45,904.41,108.53,1012.94
20144,13,1,1,12.47,0.12,OTA,unpaid,1024,101,5144,2025-08-19,2025-09-01,72.96,960.95,115.31,1076.26
20145,12,1,1,89.76,0.12,OTA,paid,1025,102,5145,2025-08-21,2025-09-02,244.19,3020.04,362.4,3382.44
20146,13,1,0,15.85,0.12,direct,paid,1026,101,5146,2025-08-20,2025-09-02,322.84,4212.77,505.53,4718.3
20147,12,2,1,44.42,0.12,corporate,pending,1027,101,5147,2025-08-23,2025-09-04,85.41,1069.34,128.32,1197.66
20148,2,2,1,10.69,0.12,corporate,unpaid,1028,101,5148,2025-08-25,2025-08-27,123.85,258.39,31.01,289.4
20149,12,1,0,60.25,0.12,phone,unpaid,1029,102,5149,2025-08-25,2025-09-06,116.17,1454.29,174.51,1628.8
20150,10,2,2,67.09,0.12,phone,paid,1030,101,5150,2025-08-23,2025-09-02,225.49,2321.99,278.64,2600.63
20151,9,2,2,58.86,0.12,OTA,paid,1031,100,5151,2025-08-24,2025-09-02,122.1,1157.76,138.93,1296.69
20152,8,2,3,26.95,0.12,phone,unpaid,1032,101,5152,2025-08-11,2025-08-19,302.37,2445.91,293.51,2739.42
20153,7,1,3,79.52,0.12,direct,pending,1033,101,5153,2025-08-16,2025-08-23,155.33,1166.83,140.02,1306.85
20154,1,2,1,11.87,0.12,OTA,paid,1034,100,5154,2025-08-17,2025-08-18,237.27,249.14,29.9,279.04
20155,5,1,0,47.36,0.12,direct,unpaid,1035,102,5155,2025-08-16,2025-08-21,113.57,615.21,73.83,689.04
20156,6,1,0,27.74,0.12,corporate,pending,1036,100,5156,2025-08-13,2025-08-19,259.34,1583.78,190.05,1773.83
20157,6,1,0,60.69,0.12,phone,paid,1037,102,5157,2025-08-18,2025-08-24,246.62,1540.41,184.85,1725.26
20158,8,1,2,73.28,0.12,corporate,unpaid,1038,101,5158,2025-08-22,2025-08-30,206.9,1728.48,207.42,1935.9
20159,6,1,1,34.52,0.12,corporate,paid,1039,100,5159,2025-08-24,2025-08-30,115.65,728.42,87.41,815.83
20160,9,2,2,55.49,0.12,OTA,unpaid,1040,100,5160,2025-08-17,2025-08-26,228.63,2113.16,253.58,2366.74
20161,12,2,3,43.09,0.12,OTA,paid,1041,100,5161,2025-08-21,2025-09-02,257.0,3127.09,375.25,3502.34
20162,7,1,2,60.3,0.12,corporate,paid,1042,101,5162,2025-08-27,2025-09-03,156.08,1152.86,138.34,1291.2
20163,12,1,2,53.38,0.12,phone,pending,1043,101,5163,2025-08-22,2025-09-03,297.07,3618.22,434.19,4052.41
20164,12,2,3,50.55,0.12,corporate,paid,1044,100,5164,2025-08-23,2025-09-04,184.03,2258.91,271.07,2529.98
20165,6,1,2,59.24,0.12,phone,paid,1045,100,5165,2025-08-30,2025-09-05,112.61,734.9,88.19,823.09
20166,10,2,1,60.55,0.12,OTA,paid,1046,100,5166,2025-08-24,2025-09-03,174.01,1800.65,216.08,2016.73
20167,12,2,1,73.57,0.12,OTA,paid,1047,100,5167,2025-08-26,2025-09-07,180.01,2233.69,268.04,2501.73
20168,5,1,3,95.39,0.12,OTA,pending,1048,102,5168,2025-08-18,2025-08-23,162.92,909.99,109.2,1019.19
20169,9,1,1,53.9,0.12,OTA,pending,1049,101,5169,2025-08-12,2025-08-21,72.86,709.64,85.16,794.8
20170,2,1,2,94.49,0.12,phone,pending,1050,102,5170,2025-08-17,2025-08-19,240.97,576.43,69.17,645.6
20171,14,2,0,20.56,0.12,corporate,paid,1051,102,5171,2025-08-13,2025-08-27,183.47,2589.14,310.7,2899.84
20172,1,2,2,16.83,0.12,phone,unpaid,1052,100,5172,2025-08-21,2025-08-22,173.65,190.48,22.86,213.34
20173,7,2,0,17.58,0.12,direct,pending,1053,102,5173,2025-08-18,2025-08-25,86.49,623.01,74.76,697.77
20174,6,2,2,35.27,0.12,corporate,paid,1054,102,5174,2025-08-23,2025-08-29,106.88,676.55,81.19,757.74
20175,5,1,1,29.15,0.12,OTA,unpaid,1055,101,5175,2025-08-17,2025-08-22,89.55,476.9,57.23,534.13
20176,5,2,3,22.63,0.12,OTA,pending,1056,102,5176,2025-08-17,2025-08-22,84.87,446.98,53.64,500.62
20177,1,2,3,45.08,0.12,corporate,paid,1057,101,5177,2025-09-01,2025-09-02,310.39,355.47,42.66,398.13
20178,1,1,3,83.02,0.12,direct,pending,1058,100,5178,2025-08-22,2025-08-23,228.83,311.85,37.42,349.27
20179,4,1,1,25.71,0.12,direct,pending,1059,100,5179,2025-08-23,2025-08-27,361.1,1470.11,176.41,1646.52
20180,2,1,3,79.89,0.12,OTA,unpaid,1000,100,5180,2025-08-28,2025-08-30,174.04,427.97,51.36,479.33
20181,11,1,0,49.52,0.12,corporate,pending,1001,102,5181,2025-08-28,2025-09-08,156.95,1775.97,213.12,1989.09
20182,10,2,2,40.59,0.12,direct,pending,1002,102,5182,2025-08-27,2025-09-06,335.45,3395.09,407.41,3802.5
20183,2,2,2,15.75,0.12,direct,pending,1003,100,5183,2025-09-04,2025-09-06,106.42,228.59,27.43,256.02
20184,4,2,2,21.1,0.12,phone,paid,1004,102,5184,2025-09-07,2025-09-11,99.44,418.86,50.26,469.12
20185,5,1,3,46.15,0.12,corporate,unpaid,1005,101,5185,2025-09-04,2025-09-09,300.62,1549.25,185.91,1735.16
20186,7,2,3,52.86,0.12,direct,paid,1006,102,5186,2025-09-07,2025-09-14,137.47,1015.15,121.82,1136.97
20187,9,2,1,74.92,0.12,phone,pending,1007,102,5187,2025-09-05,2025-09-14,184.44,1734.88,208.19,1943.07
20188,8,1,3,48.77,0.12,corporate,paid,1008,100,5188,2025-09-07,2025-09-15,255.88,2095.81,251.5,2347.31
20189,3,1,2,47.67,0.12,phone,pending,1009,100,5189,2025-09-07,2025-09-10,164.2,540.27,64.83,605.1
20190,13,2,0,47.78,0.12,phone,unpaid,1010,101,5190,2025-09-05,2025-09-18,312.33,4108.07,492.97,4601.04
20191,4,1,3,94.8,0.12,corporate,paid,1011,100,5191,2025-09-11,2025-09-15,158.19,727.56,87.31,814.87
20192,2,1,0,5.28,0.12,direct,pending,1012,100,5192,2025-09-07,2025-09-09,104.96,215.2,25.82,241.02
20193,10,2,1,2.47,0.12,OTA,unpaid,1013,101,5193,2025-09-10,2025-09-20,163.71,1639.57,196.75,1836.32
20194,6,1,3,5.58,0.12,OTA,pending,1014,101,5194,2025-09-13,2025-09-19,198.32,1195.5,143.46,1338.96
20195,12,2,0,67.76,0.12,phone,unpaid,1015,101,5195,2025-09-10,2025-09-22,202.12,2493.2,299.18,2792.38
20196,2,1,2,70.62,0.12,phone,unpaid,1016,100,5196,2025-09-03,2025-09-05,107.14,284.9,34.19,319.09
20197,14,1,1,73.01,0.12,OTA,pending,1017,102,5197,2025-08-27,2025-09-10,172.31,2485.35,298.24,2783.59
20198,3,2,0,91.13,0.12,OTA,pending,1018,101,5198,2025-09-07,2025-09-10,76.63,321.02,38.52,359.54
20199,12,1,2,26.98,0.12,corporate,pending,1019,101,5199,2025-08-29,2025-09-10,212.66,2578.9,309.47,2888.37
20200,7,1,1,74.45,0.12,phone,unpaid,1020,100,5200,2025-09-03,2025-09-10,250.99,1831.38,219.77,2051.15
20201,13,2,2,27.7,0.12,direct,pending,1021,101,5201,2025-08-30,2025-09-12,303.51,3973.33,476.8,4450.13
20202,4,2,2,21.23,0.12,corporate,pending,1022,102,5202,2025-09-02,2025-09-06,238.42,974.91,116.99,1091.9
20203,10,2,0,63.84,0.12,OTA,unpaid,1023,101,5203,2025-09-04,2025-09-14,102.45,1088.34,130.6,1218.94
20204,7,2,1,18.61,0.12,corporate,unpaid,1024,101,5204,2025-09-02,2025-09-09,72.96,529.33,63.52,592.85
20205,4,2,2,49.74,0.12,phone,pending,1025,102,5205,2025-09-13,2025-09-17,244.19,1026.5,123.18,1149.68
20206,3,1,2,85.33,0.12,OTA,unpaid,1026,101,5206,2025-09-04,2025-09-07,322.84,1053.85,126.46,1180.31
20207,13,1,1,81.23,0.12,OTA,paid,1027,101,5207,2025-09-06,2025-09-19,85.41,1191.56,142.99,1334.55
20208,4,1,2,97.09,0.12,phone,pending,1028,101,5208,2025-09-17,2025-09-21,123.85,592.49,71.1,663.59
20209,8,2,1,42.41,0.12,OTA,unpaid,1029,102,5209,2025-09-13,2025-09-21,116.17,971.77,116.61,1088.38
20210,10,2,1,86.77,0.12,OTA,pending,1030,101,5210,2025-09-08,2025-09-18,225.49,2341.67,281.0,2622.67
20211,6,2,3,52.01,0.12,phone,paid,1031,100,5211,2025-09-11,2025-09-17,122.1,784.61,94.15,878.76
20212,7,2,2,38.73,0.12,corporate,pending,1032,101,5212,2025-08-25,2025-09-01,302.37,2155.32,258.64,2413.96
20213,10,2,0,6.51,0.12,corporate,unpaid,1033,101,5213,2025-08-30,2025-09-09,155.33,1559.81,187.18,1746.99
20214,11,1,0,18.97,0.12,corporate,paid,1034,100,5214,2025-08-28,2025-09-08,237.27,2628.94,315.47,2944.41
20215,2,1,3,61.29,0.12,phone,pending,1035,102,5215,2025-08-28,2025-08-30,113.57,288.43,34.61,323.04
20216,2,2,2,82.17,0.12,direct,pending,1036,100,5216,2025-08-31,2025-09-02,259.34,600.85,72.1,672.95
20217,10,2,0,63.47,0.12,phone,unpaid,1037,102,5217,2025-08-30,2025-09-09,246.62,2529.67,303.56,2833.23
20218,11,2,2,72.31,0.12,corporate,pending,1038,101,5218,2025-09-01,2025-09-12,206.9,2348.21,281.79,2630.0
20219,8,2,2,86.84,0.12,OTA,unpaid,1039,100,5219,2025-09-02,2025-09-10,115.65,1012.04,121.44,1133.48
20220,3,1,3,66.41,0.12,phone,pending,1040,100,5220,2025-09-04,2025-09-07,228.63,752.3,90.28,842.58
20221,11,1,2,94.33,0.12,direct,unpaid,1041,100,5221,2025-09-07,2025-09-18,257.0,2921.33,350.56,3271.89
20222,3,2,2,79.28,0.12,direct,unpaid,1042,101,5222,2025-09-14,2025-09-17,156.08,547.52,65.7,613.22
20223,13,1,0,16.55,0.12,direct,unpaid,1043,101,5223,2025-09-05,2025-09-18,297.07,3878.46,465.42,4343.88
20224,7,1,1,30.78,0.12,OTA,unpaid,1044,100,5224,2025-09-08,2025-09-15,184.03,1318.99,158.28,1477.27
20225,7,1,3,18.07,0.12,corporate,unpaid,1045,100,5225,2025-09-10,2025-09-17,112.61,806.34,96.76,903.1
20226,3,2,2,93.14,0.12,OTA,unpaid,1046,100,5226,2025-09-20,2025-09-23,174.01,615.17,73.82,688.99
20227,8,2,1,15.53,0.12,corporate,pending,1047,100,5227,2025-09-10,2025-09-18,180.01,1455.61,174.67,1630.28
20228,8,1,0,32.29,0.12,corporate,unpaid,1048,102,5228,2025-08-28,2025-09-05,162.92,1335.65,160.28,1495.93
20229,13,1,3,26.51,0.12,corporate,pending,1049,101,5229,2025-08-28,2025-09-10,72.86,973.69,116.84,1090.53
20230,11,1,2,12.47,0.12,OTA,unpaid,1050,102,5230,2025-08-29,2025-09-09,240.97,2663.14,319.58,2982.72
20231,13,2,2,23.34,0.12,OTA,unpaid,1051,102,5231,2025-08-30,2025-09-12,183.47,2408.45,289.01,2697.46
20232,8,1,2,55.76,0.12,direct,unpaid,1052,100,5232,2025-08-31,2025-09-08,173.65,1444.96,173.4,1618.36
20233,9,2,3,96.68,0.12,phone,paid,1053,102,5233,2025-09-04,2025-09-13,86.49,875.09,105.01,980.1
20234,14,1,0,50.4,0.12,OTA,pending,1054,102,5234,2025-08-31,2025-09-14,106.88,1546.72,185.61,1732.33
20235,10,2,2,67.29,0.12,direct,unpaid,1055,101,5235,2025-09-05,2025-09-15,89.55,962.79,115.53,1078.32
20236,8,2,0,18.3,0.12,corporate,pending,1056,102,5236,2025-09-04,2025-09-12,84.87,697.26,83.67,780.93
20237,7,2,0,53.74,0.12,direct,paid,1057,101,5237,2025-09-11,2025-09-18,310.39,2226.47,267.18,2493.65
20238,4,2,1,79.15,0.12,OTA,unpaid,1058,100,5238,2025-09-12,2025-09-16,228.83,994.47,119.34,1113.81
20239,14,2,1,57.24,0.12,phone,unpaid,1059,100,5239,2025-09-05,2025-09-19,361.1,5112.64,613.52,5726.16
20240,4,2,0,19.1,0.12,corporate,paid,1000,100,5240,2025-09-15,2025-09-19,174.04,715.26,85.83,801.09
20241,1,2,1,90.74,0.12,corporate,pending,1001,102,5241,2025-09-14,2025-09-15,156.95,247.69,29.72,277.41
20242,1,1,3,73.24,0.12,corporate,unpaid,1002,102,5242,2025-09-25,2025-09-26,335.45,408.69,49.04,457.73
20243,4,2,1,24.44,0.12,corporate,unpaid,1003,100,5243,2025-09-17,2025-09-21,106.42,450.12,54.01,504.13
20244,13,1,1,19.73,0.12,direct,pending,1004,102,5244,2025-09-14,2025-09-27,99.44,1312.45,157.49,1469.94
20245,13,1,2,48.38,0.12,phone,unpaid,1005,101,5245,2025-09-15,2025-09-28,300.62,3956.44,474.77,4431.21
20246,6,1,1,30.55,0.12,OTA,paid,1006,102,5246,2025-09-24,2025-09-30,137.47,855.37,102.64,958.01
20247,9,2,3,78.5,0.12,corporate,paid,1007,102,5247,2025-09-22,2025-10-01,184.44,1738.46,208.62,1947.08
20248,13,1,1,96.1,0.12,phone,unpaid,1008,100,5248,2025-09-20,2025-10-03,255.88,3422.54,410.7,3833.24
20249,5,1,1,33.27,0.12,OTA,unpaid,1009,100,5249,2025-09-19,2025-09-24,164.2,854.27,102.51,956.78
20250,10,1,1,50.1,0.12,OTA,unpaid,1010,101,5250,2025-09-22,2025-10-02,312.33,3173.4,380.81,3554.21
20251,5,2,0,1.07,0.12,phone,pending,1011,100,5251,2025-09-24,2025-09-29,158.19,792.02,95.04,887.06
20252,5,1,2,36.07,0.12,direct,paid,1012,100,5252,2025-09-26,2025-10-01,104.96,560.87,67.3,628.17
20253,8,1,2,33.23,0.12,direct,pending,1013,101,5253,2025-09-29,2025-10-07,163.71,1342.91,161.15,1504.06
20254,14,1,3,96.46,0.12,corporate,paid,1014,101,5254,2025-09-24,2025-10-08,198.32,2872.94,344.75,3217.69
20255,14,1,3,19.06,0.12,direct,paid,1015,101,5255,2025-09-26,2025-10-10,202.12,2848.74,341.85,3190.59
20256,7,2,1,73.9,0.12,corporate,pending,1016,100,5256,2025-09-10,2025-09-17,107.14,823.88,98.87,922.75
20257,4,1,1,37.41,0.12,phone,pending,1017,102,5257,2025-09-15,2025-09-19,172.31,726.65,87.2,813.85
20258,13,1,3,32.31,0.12,phone,unpaid,1018,101,5258,2025-09-12,2025-09-25,76.63,1028.5,123.42,1151.92
20259,11,2,3,39.5,0.12,direct,paid,1019,101,5259,2025-09-13,2025-09-24,212.66,2378.76,285.45,2664.21
20260,8,1,0,19.68,0.12,OTA,unpaid,1020,100,5260,2025-09-21,2025-09-29,250.99,2027.6,243.31,2270.91
20261,12,1,0,15.87,0.12,phone,pending,1021,101,5261,2025-09-17,2025-09-29,303.51,3657.99,438.96,4096.95
20262,7,2,3,40.91,0.12,phone,pending,1022,102,5262,2025-09-19,2025-09-26,238.42,1709.85,205.18,1915.03
20263,1,2,2,83.18,0.12,corporate,unpaid,1023,101,5263,2025-09-30,2025-10-01,102.45,185.63,22.28,207.91
20264,11,2,3,63.4,0.12,OTA,paid,1024,101,5264,2025-09-20,2025-10-01,72.96,865.96,103.92,969.88
20265,4,2,1,27.57,0.12,OTA,unpaid,1025,102,5265,2025-09-26,2025-09-30,244.19,1004.33,120.52,1124.85
20266,13,2,3,77.92,0.12,phone,pending,1026,101,5266,2025-09-20,2025-10-03,322.84,4274.84,512.98,4787.82
20267,11,1,0,4.58,0.12,corporate,paid,1027,101,5267,2025-09-23,2025-10-04,85.41,944.09,113.29,1057.38
20268,6,2,1,65.61,0.12,phone,paid,1028,101,5268,2025-09-26,2025-10-02,123.85,808.71,97.05,905.76
20269,13,1,2,51.09,0.12,OTA,unpaid,1029,102,5269,2025-09-25,2025-10-08,116.17,1561.3,187.36,1748.66
20270,10,1,0,7.91,0.12,OTA,paid,1030,101,5270,2025-09-28,2025-10-08,225.49,2262.81,271.54,2534.35
20271,11,1,2,12.7,0.12,corporate,paid,1031,100,5271,2025-09-28,2025-10-09,122.1,1355.8,162.7,1518.5
20272,7,2,0,30.71,0.12,OTA,paid,1032,101,5272,2025-09-12,2025-09-19,302.37,2147.3,257.68,2404.98
20273,1,2,1,75.14,0.12,phone,unpaid,1033,101,5273,2025-09-15,2025-09-16,155.33,230.47,27.66,258.13
20274,3,1,2,56.65,0.12,OTA,pending,1034,100,5274,2025-09-20,2025-09-23,237.27,768.46,92.22,860.68
20275,14,2,2,62.8,0.12,corporate,pending,1035,102,5275,2025-09-14,2025-09-28,113.57,1652.78,198.33,1851.11
20276,10,2,3,12.89,0.12,OTA,paid,1036,100,5276,2025-09-14,2025-09-24,259.34,2606.29,312.75,2919.04
20277,13,1,0,23.03,0.12,OTA,paid,1037,102,5277,2025-09-16,2025-09-29,246.62,3229.09,387.49,3616.58
20278,8,2,0,12.87,0.12,OTA,pending,1038,101,5278,2025-09-23,2025-10-01,206.9,1668.07,200.17,1868.24
20279,13,2,1,42.46,0.12,OTA,paid,1039,100,5279,2025-09-17,2025-09-30,115.65,1545.91,185.51,1731.42
20280,8,2,3,53.12,0.12,OTA,paid,1040,100,5280,2025-09-18,2025-09-26,228.63,1882.16,225.86,2108.02
20281,6,1,0,68.38,0.12,corporate,unpaid,1041,100,5281,2025-09-27,2025-10-03,257.0,1610.38,193.25,1803.63
20282,6,2,3,96.22,0.12,phone,unpaid,1042,101,5282,2025-09-20,2025-09-26,156.08,1032.7,123.92,1156.62
20283,13,2,2,4.24,0.12,OTA,unpaid,1043,101,5283,2025-09-21,2025-10-04,297.07,3866.15,463.94,4330.09
20284,10,2,0,62.73,0.12,phone,unpaid,1044,100,5284,2025-09-24,2025-10-04,184.03,1903.03,228.36,2131.39
20285,9,2,0,11.3,0.12,corporate,unpaid,1045,100,5285,2025-09-27,2025-10-06,112.61,1024.79,122.97,1147.76
20286,6,1,1,44.88,0.12,OTA,unpaid,1046,100,5286,2025-10-01,2025-10-07,174.01,1088.94,130.67,1219.61
20287,4,1,0,73.94,0.12,OTA,paid,1047,100,5287,2025-10-03,2025-10-07,180.01,793.98,95.28,889.26
20288,11,2,0,95.55,0.12,direct,unpaid,1048,102,5288,2025-09-11,2025-09-22,162.92,1887.67,226.52,2114.19
20289,8,1,0,41.23,0.12,phone,unpaid,1049,101,5289,2025-09-11,2025-09-19,72.86,624.11,74.89,699.0
20290,11,1,1,33.65,0.12,phone,pending,1050,102,5290,2025-09-12,2025-09-23,240.97,2684.32,322.12,3006.44
20291,1,1,0,35.82,0.12,phone,pending,1051,102,5291,2025-09-15,2025-09-16,183.47,219.29,26.31,245.6
20292,3,1,1,49.25,0.12,OTA,unpaid,1052,100,5292,2025-09-15,2025-09-18,173.65,570.2,68.42,638.62
20293,1,2,2,80.05,0.12,corporate,unpaid,1053,102,5293,2025-09-15,2025-09-16,86.49,166.54,19.98,186.52
20294,1,1,0,20.29,0.12,corporate,unpaid,1054,102,5294,2025-09-20,2025-09-21,106.88,127.17,15.26,142.43
20295,10,2,0,73.96,0.12,corporate,unpaid,1055,101,5295,2025-09-17,2025-09-27,89.55,969.46,116.34,1085.8
20296,1,1,0,73.82,0.12,direct,pending,1056,102,5296,2025-09-28,2025-09-29,84.87,158.69,19.04,177.73
20297,10,1,1,99.82,0.12,corporate,pending,1057,101,5297,2025-09-20,2025-09-30,310.39,3203.72,384.45,3588.17
20298,7,2,1,82.13,0.12,corporate,unpaid,1058,100,5298,2025-09-24,2025-10-01,228.83,1683.94,202.07,1886.01
20299,8,2,0,10.1,0.12,OTA,unpaid,1059,100,5299,2025-09-26,2025-10-04,361.1,2898.9,347.87,3246.77
20300,5,1,1,13.34,0.12,direct,paid,1000,100,5300,2025-09-27,2025-10-02,174.04,883.54,106.02,989.56
20301,8,2,1,82.39,0.12,phone,pending,1001,102,5301,2025-09-27,2025-10-05,156.95,1337.99,160.56,1498.55
20302,11,1,1,46.08,0.12,phone,unpaid,1002,102,5302,2025-09-29,2025-10-10,335.45,3736.03,448.32,4184.35
20303,8,2,1,41.99,0.12,direct,unpaid,1003,100,5303,2025-09-30,2025-10-08,106.42,893.35,107.2,1000.55
20304,6,1,3,98.83,0.12,OTA,unpaid,1004,102,5304,2025-10-04,2025-10-10,99.44,695.47,83.46,778.93
20305,12,1,1,20.13,0.12,direct,unpaid,1005,101,5305,2025-10-01,2025-10-13,300.62,3627.57,435.31,4062.88
20306,12,1,0,66.46,0.12,direct,pending,1006,102,5306,2025-10-05,2025-10-17,137.47,1716.1,205.93,1922.03
20307,14,1,0,80.73,0.12,OTA,unpaid,1007,102,5307,2025-10-04,2025-10-18,184.44,2662.89,319.55,2982.44
20308,11,1,0,2.41,0.12,phone,unpaid,1008,100,5308,2025-10-08,2025-10-19,255.88,2817.09,338.05,3155.14
20309,14,1,0,55.75,0.12,direct,unpaid,1009,100,5309,2025-10-05,2025-10-19,164.2,2354.55,282.55,2637.1
20310,11,1,3,8.59,0.12,corporate,unpaid,1010,101,5310,2025-10-09,2025-10-20,312.33,3444.22,413.31,3857.53
20311,3,2,3,45.61,0.12,OTA,pending,1011,100,5311,2025-10-11,2025-10-14,158.19,520.18,62.42,582.6
20312,7,2,2,96.49,0.12,OTA,paid,1012,100,5312,2025-10-09,2025-10-16,104.96,831.21,99.75,930.96
20313,5,2,2,59.07,0.12,corporate,pending,1013,101,5313,2025-10-09,2025-10-14,163.71,877.62,105.31,982.93
20314,10,2,3,7.58,0.12,phone,pending,1014,101,5314,2025-10-13,2025-10-23,198.32,1990.78,238.89,2229.67
20315,9,1,2,79.01,0.12,direct,paid,1015,101,5315,2025-10-12,2025-10-21,202.12,1898.09,227.77,2125.86
20316,2,2,3,82.63,0.12,corporate,paid,1016,100,5316,2025-10-06,2025-10-08,107.14,296.91,35.63,332.54
20317,9,1,2,34.08,0.12,phone,pending,1017,102,5317,2025-09-30,2025-10-09,172.31,1584.87,190.18,1775.05
20318,7,2,2,34.02,0.12,corporate,unpaid,1018,101,5318,2025-10-03,2025-10-10,76.63,570.43,68.45,638.88
20319,6,1,3,90.13,0.12,corporate,pending,1019,101,5319,2025-09-29,2025-10-05,212.66,1366.09,163.93,1530.02
20320,10,1,1,21.61,0.12,corporate,paid,1020,100,5320,2025-10-03,2025-10-13,250.99,2531.51,303.78,2835.29
20321,9,2,2,7.57,0.12,phone,paid,1021,101,5321,2025-10-01,2025-10-10,303.51,2739.16,328.7,3067.86
20322,8,1,3,79.71,0.12,corporate,unpaid,1022,102,5322,2025-10-07,2025-10-15,238.42,1987.07,238.45,2225.52
20323,10,2,0,77.99,0.12,direct,unpaid,1023,101,5323,2025-10-04,2025-10-14,102.45,1102.49,132.3,1234.79
20324,7,1,0,59.89,0.12,phone,unpaid,1024,101,5324,2025-10-10,2025-10-17,72.96,570.61,68.47,639.08
20325,14,1,3,17.26,0.12,OTA,paid,1025,102,5325,2025-10-05,2025-10-19,244.19,3435.92,412.31,3848.23
20326,3,1,3,34.77,0.12,phone,unpaid,1026,101,5326,2025-10-16,2025-10-19,322.84,1003.29,120.39,1123.68
20327,13,2,3,64.0,0.12,corporate,pending,1027,101,5327,2025-10-08,2025-10-21,85.41,1174.33,140.92,1315.25
20328,3,2,3,32.15,0.12,corporate,pending,1028,101,5328,2025-10-08,2025-10-11,123.85,403.7,48.44,452.14
20329,3,2,3,45.75,0.12,direct,pending,1029,102,5329,2025-10-18,2025-10-21,116.17,394.26,47.31,441.57
20330,11,1,3,28.21,0.12,OTA,paid,1030,101,5330,2025-10-14,2025-10-25,225.49,2508.6,301.03,2809.63
20331,2,2,2,90.21,0.12,OTA,paid,1031,100,5331,2025-10-22,2025-10-24,122.1,334.41,40.13,374.54
20332,1,2,3,40.28,0.12,OTA,paid,1032,101,5332,2025-10-06,2025-10-07,302.37,342.65,41.12,383.77
20333,14,2,3,38.6,0.12,direct,pending,1033,101,5333,2025-09-28,2025-10-12,155.33,2213.22,265.59,2478.81
20334,4,2,0,57.26,0.12,direct,pending,1034,100,5334,2025-10-07,2025-10-11,237.27,1006.34,120.76,1127.1
20335,13,1,2,25.64,0.12,corporate,pending,1035,102,5335,2025-09-30,2025-10-13,113.57,1502.05,180.25,1682.3
20336,3,2,0,75.18,0.12,OTA,unpaid,1036,100,5336,2025-10-09,2025-10-12,259.34,853.2,102.38,955.58
20337,3,2,1,15.34,0.12,corporate,unpaid,1037,102,5337,2025-10-13,2025-10-16,246.62,755.2,90.62,845.82
20338,13,2,2,36.79,0.12,corporate,pending,1038,101,5338,2025-10-03,2025-10-16,206.9,2726.49,327.18,3053.67
20339,13,1,2,76.92,0.12,corporate,paid,1039,100,5339,2025-10-04,2025-10-17,115.65,1580.37,189.64,1770.01
20340,9,2,0,15.25,0.12,corporate,paid,1040,100,5340,2025-10-08,2025-10-17,228.63,2072.92,248.75,2321.67
20341,3,2,3,9.12,0.12,corporate,pending,1041,100,5341,2025-10-12,2025-10-15,257.0,780.12,93.61,873.73
20342,6,2,3,29.55,0.12,direct,pending,1042,101,5342,2025-10-14,2025-10-20,156.08,966.03,115.92,1081.95
20343,8,1,3,93.81,0.12,direct,paid,1043,101,5343,2025-10-13,2025-10-21,297.07,2470.37,296.44,2766.81
20344,3,1,2,79.77,0.12,corporate,unpaid,1044,100,5344,2025-10-10,2025-10-13,184.03,631.86,75.82,707.68
20345,5,1,0,67.66,0.12,direct,paid,1045,100,5345,2025-10-15,2025-10-20,112.61,630.71,75.69,706.4
20346,12,1,2,4.0,0.12,corporate,unpaid,1046,100,5346,2025-10-13,2025-10-25,174.01,2092.12,251.05,2343.17
20347,4,1,0,91.61,0.12,direct,pending,1047,100,5347,2025-10-18,2025-10-22,180.01,811.65,97.4,909.05
20348,9,2,0,20.32,0.12,corporate,pending,1048,102,5348,2025-09-27,2025-10-06,162.92,1486.6,178.39,1664.99
20349,8,2,0,24.51,0.12,OTA,unpaid,1049,101,5349,2025-10-03,2025-10-11,72.86,607.39,72.89,680.28
20350,1,2,0,2.48,0.12,OTA,paid,1050,102,5350,2025-10-11,2025-10-12,240.97,243.45,29.21,272.66
20351,4,2,0,60.55,0.12,OTA,unpaid,1051,102,5351,2025-10-01,2025-10-05,183.47,794.43,95.33,889.76
20352,2,2,1,83.2,0.12,OTA,paid,1052,100,5352,2025-10-04,2025-10-06,173.65,430.5,51.66,482.16
20353,12,2,2,54.74,0.12,direct,paid,1053,102,5353,2025-10-04,2025-10-16,86.49,1092.62,131.11,1223.73
20354,8,1,0,88.07,0.12,phone,paid,1054,102,5354,2025-10-02,2025-10-10,106.88,943.11,113.17,1056.28
20355,2,1,0,90.41,0.12,OTA,unpaid,1055,101,5355,2025-10-11,2025-10-13,89.55,269.51,32.34,301.85
20356,6,1,3,65.45,0.12,OTA,paid,1056,102,5356,2025-10-09,2025-10-15,84.87,574.67,68.96,643.63
20357,10,2,1,67.91,0.12,phone,unpaid,1057,101,5357,2025-10-10,2025-10-20,310.39,3171.81,380.62,3552.43
20358,10,2,0,39.44,0.12,phone,paid,1058,100,5358,2025-10-07,2025-10-17,228.83,2327.74,279.33,2607.07
20359,3,2,1,76.47,0.12,direct,unpaid,1059,100,5359,2025-10-16,2025-10-19,361.1,1159.77,139.17,1298.94
20360,5,2,1,29.1,0.12,direct,pending,1000,100,5360,2025-10-17,2025-10-22,174.04,899.3,107.92,1007.22
20361,10,1,2,76.82,0.12,corporate,unpaid,1001,102,5361,2025-10-18,2025-10-28,156.95,1646.32,197.56,1843.88
20362,7,2,1,46.72,0.12,OTA,unpaid,1002,102,5362,2025-10-17,2025-10-24,335.45,2394.87,287.38,2682.25
20363,6,2,3,73.57,0.12,corporate,unpaid,1003,100,5363,2025-10-22,2025-10-28,106.42,712.09,85.45,797.54
20364,1,1,1,71.14,0.12,OTA,unpaid,1004,102,5364,2025-10-21,2025-10-22,99.44,170.58,20.47,191.05
20365,5,2,2,75.11,0.12,phone,pending,1005,101,5365,2025-10-23,2025-10-28,300.62,1578.21,189.39,1767.6
20366,1,2,3,12.41,0.12,direct,paid,1006,102,5366,2025-10-31,2025-11-01,137.47,149.88,17.99,167.87
20367,7,2,3,4.88,0.12,corporate,unpaid,1007,102,5367,2025-10-24,2025-10-31,184.44,1295.96,155.52,1451.48
20368,5,2,0,53.82,0.12,corporate,paid,1008,100,5368,2025-10-27,2025-11-01,255.88,1333.22,159.99,1493.21
20369,12,2,2,20.04,0.12,phone,unpaid,1009,100,5369,2025-10-22,2025-11-03,164.2,1990.44,238.85,2229.29
20370,4,2,1,25.77,0.12,OTA,unpaid,1010,101,5370,2025-10-28,2025-11-01,312.33,1275.09,153.01,1428.1
20371,4,1,0,99.59,0.12,OTA,pending,1011,100,5371,2025-10-28,2025-11-01,158.19,732.35,87.88,820.23
20372,1,2,2,14.44,0.12,corporate,paid,1012,100,5372,2025-10-30,2025-10-31,104.96,119.4,14.33,133.73
20373,11,1,1,16.58,0.12,OTA,unpaid,1013,101,5373,2025-10-25,2025-11-05,163.71,1817.39,218.09,2035.48
20374,5,2,2,57.52,0.12,OTA,pending,1014,101,5374,2025-10-26,2025-10-31,198.32,1049.12,125.89,1175.01
20375,11,1,3,67.06,0.12,corporate,paid,1015,101,5375,2025-10-31,2025-11-11,202.12,2290.38,274.85,2565.23
20376,6,1,0,15.62,0.12,direct,pending,1016,100,5376,2025-10-13,2025-10-19,107.14,658.46,79.02,737.48
20377,7,2,0,52.71,0.12,OTA,pending,1017,102,5377,2025-10-18,2025-10-25,172.31,1258.88,151.07,1409.95
20378,9,2,2,50.88,0.12,phone,pending,1018,101,5378,2025-10-19,2025-10-28,76.63,740.55,88.87,829.42
20379,13,2,2,6.98,0.12,OTA,unpaid,1019,101,5379,2025-10-17,2025-10-30,212.66,2771.56,332.59,3104.15
20380,12,1,2,63.52,0.12,phone,paid,1020,100,5380,2025-10-17,2025-10-29,250.99,3075.4,369.05,3444.45
20381,3,1,3,6.1,0.12,direct,pending,1021,101,5381,2025-10-20,2025-10-23,303.51,916.63,110.0,1026.63
20382,4,2,0,11.77,0.12,phone,pending,1022,102,5382,2025-10-19,2025-10-23,238.42,965.45,115.85,1081.3
20383,14,1,2,49.95,0.12,corporate,paid,1023,101,5383,2025-10-19,2025-11-02,102.45,1484.25,178.11,1662.36
20384,1,1,2,48.3,0.12,direct,pending,1024,101,5384,2025-10-24,2025-10-25,72.96,121.26,14.55,135.81
20385,8,2,2,23.57,0.12,direct,paid,1025,102,5385,2025-10-23,2025-10-31,244.19,1977.09,237.25,2214.34
20386,1,1,3,87.2,0.12,phone,pending,1026,101,5386,2025-11-04,2025-11-05,322.84,410.04,49.2,459.24
20387,2,2,0,36.39,0.12,direct,unpaid,1027,101,5387,2025-11-03,2025-11-05,85.41,207.21,24.87,232.08
20388,7,2,0,91.12,0.12,OTA,unpaid,1028,101,5388,2025-10-28,2025-11-04,123.85,958.07,114.97,1073.04
20389,1,1,3,25.21,0.12,corporate,pending,1029,102,5389,2025-10-27,2025-10-28,116.17,141.38,16.97,158.35
20390,4,1,0,2.2,0.12,direct,unpaid,1030,101,5390,2025-10-28,2025-11-01,225.49,904.16,108.5,1012.66
20391,13,1,3,81.63,0.12,corporate,pending,1031,100,5391,2025-10-27,2025-11-09,122.1,1668.93,200.27,1869.2
20392,4,2,0,43.82,0.12,phone,pending,1032,101,5392,2025-10-18,2025-10-22,302.37,1253.3,150.4,1403.7
20393,2,2,3,20.82,0.12,direct,unpaid,1033,101,5393,2025-10-18,2025-10-20,155.33,331.48,39.78,371.26
20394,14,2,1,20.42,0.12,phone,paid,1034,100,5394,2025-10-14,2025-10-28,237.27,3342.2,401.06,3743.26
20395,14,2,3,13.58,0.12,OTA,unpaid,1035,102,5395,2025-10-15,2025-10-29,113.57,1603.56,192.43,1795.99
20396,12,2,2,75.67,0.12,corporate,pending,1036,100,5396,2025-10-17,2025-10-29,259.34,3187.75,382.53,3570.28
20397,2,1,3,6.71,0.12,OTA,unpaid,1037,102,5397,2025-10-19,2025-10-21,246.62,499.95,59.99,559.94
20398,11,2,1,69.59,0.12,direct,unpaid,1038,101,5398,2025-10-19,2025-10-30,206.9,2345.49,281.46,2626.95
20399,6,1,2,38.05,0.12,corporate,unpaid,1039,100,5399,2025-10-27,2025-11-02,115.65,731.95,87.83,819.78
20400,7,2,0,77.0,0.12,OTA,pending,1040,100,5400,2025-10-27,2025-11-03,228.63,1677.41,201.29,1878.7
20401,14,2,2,27.04,0.12,direct,unpaid,1041,100,5401,2025-10-22,2025-11-05,257.0,3625.04,435.0,4060.04
20402,10,2,1,28.88,0.12,phone,paid,1042,101,5402,2025-10-24,2025-11-03,156.08,1589.68,190.76,1780.44
20403,5,2,0,61.96,0.12,direct,pending,1043,101,5403,2025-11-01,2025-11-06,297.07,1547.31,185.68,1732.99
20404,7,1,2,94.64,0.12,corporate,paid,1044,100,5404,2025-10-29,2025-11-05,184.03,1382.85,165.94,1548.79
20405,12,2,0,98.88,0.12,OTA,paid,1045,100,5405,2025-10-27,2025-11-08,112.61,1450.2,174.02,1624.22
20406,14,1,3,30.5,0.12,direct,unpaid,1046,100,5406,2025-10-26,2025-11-09,174.01,2466.64,296.0,2762.64
20407,6,1,0,63.25,0.12,phone,paid,1047,100,5407,2025-10-30,2025-11-05,180.01,1143.31,137.2,1280.51
20408,4,1,3,88.36,0.12,OTA,paid,1048,102,5408,2025-10-16,2025-10-20,162.92,740.04,88.8,828.84
20409,2,2,3,50.52,0.12,corporate,unpaid,1049,101,5409,2025-10-19,2025-10-21,72.86,196.24,23.55,219.79
20410,3,1,1,10.17,0.12,corporate,pending,1050,102,5410,2025-10-24,2025-10-27,240.97,733.08,87.97,821.05
20411,9,1,0,77.96,0.12,phone,pending,1051,102,5411,2025-10-15,2025-10-24,183.47,1729.19,207.5,1936.69
20412,2,2,0,64.84,0.12,corporate,paid,1052,100,5412,2025-10-21,2025-10-23,173.65,412.14,49.46,461.6
20413,2,1,3,56.71,0.12,corporate,paid,1053,102,5413,2025-10-25,2025-10-27,86.49,229.69,27.56,257.25
20414,12,1,2,13.19,0.12,direct,paid,1054,102,5414,2025-10-18,2025-10-30,106.88,1295.75,155.49,1451.24
20415,13,2,3,94.58,0.12,direct,paid,1055,101,5415,2025-10-21,2025-11-03,89.55,1258.73,151.05,1409.78
20416,9,2,3,98.53,0.12,corporate,paid,1056,102,5416,2025-10-22,2025-10-31,84.87,862.36,103.48,965.84
20417,12,1,0,47.86,0.12,direct,unpaid,1057,101,5417,2025-10-23,2025-11-04,310.39,3772.54,452.7,4225.24
20418,5,1,1,73.33,0.12,OTA,pending,1058,100,5418,2025-10-25,2025-10-30,228.83,1217.48,146.1,1363.58
20419,11,2,0,93.38,0.12,phone,unpaid,1059,100,5419,2025-10-26,2025-11-06,361.1,4065.48,487.86,4553.34
20420,13,2,0,9.7,0.12,phone,unpaid,1000,100,5420,2025-10-28,2025-11-10,174.04,2272.22,272.67,2544.89
20421,6,1,0,5.43,0.12,phone,paid,1001,102,5421,2025-11-01,2025-11-07,156.95,947.13,113.66,1060.79
20422,7,1,2,35.95,0.12,corporate,paid,1002,102,5422,2025-11-01,2025-11-08,335.45,2384.1,286.09,2670.19
20423,11,1,2,51.22,0.12,phone,paid,1003,100,5423,2025-11-01,2025-11-12,106.42,1221.84,146.62,1368.46
20424,1,1,1,26.7,0.12,OTA,pending,1004,102,5424,2025-11-02,2025-11-03,99.44,126.14,15.14,141.28
20425,14,1,0,38.21,0.12,corporate,paid,1005,101,5425,2025-11-02,2025-11-16,300.62,4246.89,509.63,4756.52
20426,13,2,2,47.07,0.12,OTA,pending,1006,102,5426,2025-11-05,2025-11-18,137.47,1834.18,220.1,2054.28
20427,6,2,0,85.92,0.12,OTA,pending,1007,102,5427,2025-11-05,2025-11-11,184.44,1192.56,143.11,1335.67
20428,6,1,2,32.93,0.12,direct,paid,1008,100,5428,2025-11-11,2025-11-17,255.88,1568.21,188.19,1756.4
20429,10,2,2,62.92,0.12,OTA,unpaid,1009,100,5429,2025-11-09,2025-11-19,164.2,1704.92,204.59,1909.51
20430,5,2,3,16.03,0.12,direct,unpaid,1010,101,5430,2025-11-08,2025-11-13,312.33,1577.68,189.32,1767.0
20431,1,1,2,47.22,0.12,direct,pending,1011,100,5431,2025-11-19,2025-11-20,158.19,205.41,24.65,230.06
20432,4,2,2,89.19,0.12,OTA,unpaid,1012,100,5432,2025-11-11,2025-11-15,104.96,509.03,61.08,570.11
20433,8,2,0,26.47,0.12,corporate,pending,1013,101,5433,2025-11-15,2025-11-23,163.71,1336.15,160.34,1496.49
20434,6,1,3,64.02,0.12,phone,paid,1014,101,5434,2025-11-15,2025-11-21,198.32,1253.94,150.47,1404.41
20435,14,1,0,97.06,0.12,corporate,pending,1015,101,5435,2025-11-12,2025-11-26,202.12,2926.74,351.21,3277.95
20436,3,1,2,39.82,0.12,corporate,unpaid,1016,100,5436,2025-11-03,2025-11-06,107.14,361.24,43.35,404.59
20437,14,1,3,41.91,0.12,OTA,pending,1017,102,5437,2025-10-29,2025-11-12,172.31,2454.25,294.51,2748.76
20438,7,2,0,82.29,0.12,corporate,paid,1018,101,5438,2025-10-31,2025-11-07,76.63,618.7,74.24,692.94
20439,2,2,2,18.33,0.12,phone,unpaid,1019,101,5439,2025-11-07,2025-11-09,212.66,443.65,53.24,496.89
20440,6,1,2,94.01,0.12,direct,pending,1020,100,5440,2025-11-03,2025-11-09,250.99,1599.95,191.99,1791.94
20441,6,2,1,29.3,0.12,corporate,unpaid,1021,101,5441,2025-11-03,2025-11-09,303.51,1850.36,222.04,2072.4
20442,8,1,3,11.78,0.12,direct,pending,1022,102,5442,2025-11-07,2025-11-15,238.42,1919.14,230.3,2149.44
20443,13,1,1,61.05,0.12,corporate,paid,1023,101,5443,2025-11-04,2025-11-17,102.45,1392.9,167.15,1560.05
20444,1,2,0,53.42,0.12,direct,pending,1024,101,5444,2025-11-15,2025-11-16,72.96,126.38,15.17,141.55
20445,9,1,2,46.01,0.12,corporate,pending,1025,102,5445,2025-11-07,2025-11-16,244.19,2243.72,269.25,2512.97
20446,6,2,3,67.42,0.12,corporate,pending,1026,101,5446,2025-11-16,2025-11-22,322.84,2004.46,240.54,2245.0
20447,4,1,1,93.21,0.12,phone,unpaid,1027,101,5447,2025-11-15,2025-11-19,85.41,434.85,52.18,487.03
20448,2,1,0,93.59,0.12,OTA,paid,1028,101,5448,2025-11-21,2025-11-23,123.85,341.29,40.95,382.24
20449,10,2,1,14.88,0.12,OTA,unpaid,1029,102,5449,2025-11-13,2025-11-23,116.17,1176.58,141.19,1317.77
20450,9,2,3,54.67,0.12,phone,unpaid,1030,101,5450,2025-11-12,2025-11-21,225.49,2084.08,250.09,2334.17
20451,6,1,0,99.55,0.12,corporate,pending,1031,100,5451,2025-11-15,2025-11-21,122.1,832.15,99.86,932.01
20452,12,2,0,10.5,0.12,phone,unpaid,1032,101,5452,2025-10-31,2025-11-12,302.37,3638.94,436.67,4075.61
20453,3,2,1,50.67,0.12,direct,unpaid,1033,101,5453,2025-10-29,2025-11-01,155.33,516.66,62.0,578.66
20454,8,1,1,3.17,0.12,phone,unpaid,1034,100,5454,2025-10-31,2025-11-08,237.27,1901.33,228.16,2129.49
20455,1,1,0,42.41,0.12,phone,paid,1035,102,5455,2025-11-11,2025-11-12,113.57,155.98,18.72,174.7
20456,12,1,3,9.38,0.12,phone,paid,1036,100,5456,2025-11-03,2025-11-15,259.34,3121.46,374.58,3496.04
20457,5,2,1,86.55,0.12,corporate,pending,1037,102,5457,2025-11-07,2025-11-12,246.62,1319.65,158.36,1478.01
20458,7,2,1,74.76,0.12,OTA,pending,1038,101,5458,2025-11-03,2025-11-10,206.9,1523.06,182.77,1705.83
20459,9,2,1,85.19,0.12,corporate,pending,1039,100,5459,2025-11-08,2025-11-17,115.65,1126.04,135.12,1261.16
20460,10,1,2,70.87,0.12,corporate,paid,1040,100,5460,2025-11-08,2025-11-18,228.63,2357.17,282.86,2640.03
20461,1,2,0,12.32,0.12,direct,paid,1041,100,5461,2025-11-15,2025-11-16,257.0,269.32,32.32,301.64
20462,4,1,2,23.25,0.12,OTA,unpaid,1042,101,5462,2025-11-12,2025-11-16,156.08,647.57,77.71,725.28
20463,13,2,1,10.61,0.12,direct,pending,1043,101,5463,2025-11-08,2025-11-21,297.07,3872.52,464.7,4337.22
20464,2,1,1,42.12,0.12,corporate,pending,1044,100,5464,2025-11-18,2025-11-20,184.03,410.18,49.22,459.4
20465,8,2,1,20.12,0.12,phone,paid,1045,100,5465,2025-11-15,2025-11-23,112.61,921.0,110.52,1031.52
20466,1,2,2,93.02,0.12,direct,unpaid,1046,100,5466,2025-11-18,2025-11-19,174.01,267.03,32.04,299.07
20467,4,1,1,70.52,0.12,direct,pending,1047,100,5467,2025-11-19,2025-11-23,180.01,790.56,94.87,885.43
20468,4,2,3,10.77,0.12,corporate,unpaid,1048,102,5468,2025-11-06,2025-11-10,162.92,662.45,79.49,741.94
20469,4,2,3,80.92,0.12,phone,pending,1049,101,5469,2025-10-31,2025-11-04,72.86,372.36,44.68,417.04
20470,4,2,3,35.64,0.12,direct,paid,1050,102,5470,2025-11-08,2025-11-12,240.97,999.52,119.94,1119.46
20471,11,2,3,25.44,0.12,direct,paid,1051,102,5471,2025-11-01,2025-11-12,183.47,2043.61,245.23,2288.84
20472,2,2,3,61.46,0.12,corporate,pending,1052,100,5472,2025-11-13,2025-11-15,173.65,408.76,49.05,457.81
20473,8,1,3,46.59,0.12,OTA,pending,1053,102,5473,2025-11-07,2025-11-15,86.49,738.51,88.62,827.13
20474,3,1,0,74.42,0.12,direct,paid,1054,102,5474,2025-11-08,2025-11-11,106.88,395.06,47.41,442.47
20475,7,2,0,95.82,0.12,phone,unpaid,1055,101,5475,2025-11-12,2025-11-19,89.55,722.67,86.72,809.39
20476,14,2,1,82.01,0.12,OTA,pending,1056,102,5476,2025-11-05,2025-11-19,84.87,1270.19,152.42,1422.61
20477,12,1,2,87.32,0.12,OTA,paid,1057,101,5477,2025-11-07,2025-11-19,310.39,3812.0,457.44,4269.44
20478,12,1,2,22.63,0.12,direct,paid,1058,100,5478,2025-11-10,2025-11-22,228.83,2768.59,332.23,3100.82
20479,9,1,0,73.3,0.12,OTA,pending,1059,100,5479,2025-11-08,2025-11-17,361.1,3323.2,398.78,3721.98
20480,14,2,1,1.12,0.12,OTA,pending,1000,100,5480,2025-11-14,2025-11-28,174.04,2437.68,292.52,2730.2
20481,3,1,3,14.47,0.12,phone,paid,1001,102,5481,2025-11-22,2025-11-25,156.95,485.32,58.24,543.56
20482,1,2,3,9.77,0.12,corporate,unpaid,1002,102,5482,2025-11-23,2025-11-24,335.45,345.22,41.43,386.65
20483,14,1,0,17.78,0.12,phone,paid,1003,100,5483,2025-11-17,2025-12-01,106.42,1507.66,180.92,1688.58
20484,9,1,0,73.55,0.12,OTA,pending,1004,102,5484,2025-11-21,2025-11-30,99.44,968.51,116.22,1084.73
20485,4,1,2,89.89,0.12,OTA,pending,1005,101,5485,2025-11-21,2025-11-25,300.62,1292.37,155.08,1447.45
20486,9,1,2,91.42,0.12,OTA,pending,1006,102,5486,2025-11-20,2025-11-29,137.47,1328.65,159.44,1488.09
20487,7,2,0,19.45,0.12,corporate,paid,1007,102,5487,2025-11-27,2025-12-04,184.44,1310.53,157.26,1467.79
20488,8,1,3,54.59,0.12,corporate,pending,1008,100,5488,2025-11-28,2025-12-06,255.88,2101.63,252.2,2353.83
20489,12,2,1,51.99,0.12,phone,pending,1009,100,5489,2025-11-23,2025-12-05,164.2,2022.39,242.69,2265.08
20490,8,1,1,18.55,0.12,OTA,unpaid,1010,101,5490,2025-11-25,2025-12-03,312.33,2517.19,302.06,2819.25
20491,8,1,3,81.25,0.12,OTA,unpaid,1011,100,5491,2025-11-26,2025-12-04,158.19,1346.77,161.61,1508.38
20492,1,1,3,52.31,0.12,direct,pending,1012,100,5492,2025-12-05,2025-12-06,104.96,157.27,18.87,176.14
20493,4,1,1,82.65,0.12,OTA,paid,1013,101,5493,2025-12-01,2025-12-05,163.71,737.49,88.5,825.99
20494,7,1,0,40.77,0.12,OTA,paid,1014,101,5494,2025-11-29,2025-12-06,198.32,1429.01,171.48,1600.49
20495,8,1,2,58.51,0.12,phone,paid,1015,101,5495,2025-12-03,2025-12-11,202.12,1675.47,201.06,1876.53
20496,10,1,3,15.37,0.12,phone,unpaid,1016,100,5496,2025-11-18,2025-11-28,107.14,1086.77,130.41,1217.18
20497,8,1,1,39.93,0.12,phone,unpaid,1017,102,5497,2025-11-17,2025-11-25,172.31,1418.41,170.21,1588.62
20498,4,2,2,98.24,0.12,OTA,pending,1018,101,5498,2025-11-18,2025-11-22,76.63,404.76,48.57,453.33
20499,13,1,0,84.2,0.12,phone,paid,1019,101,5499,2025-11-18,2025-12-01,212.66,2848.78,341.85,3190.63
20500,13,1,3,36.39,0.12,corporate,pending,1020,100,5000,2025-11-18,2025-12-01,250.99,3299.26,395.91,3695.17
20501,7,2,3,97.6,0.12,phone,paid,1021,101,5001,2025-11-26,2025-12-03,303.51,2222.17,266.66,2488.83
20502,6,2,2,29.94,0.12,corporate,unpaid,1022,102,5002,2025-11-20,2025-11-26,238.42,1460.46,175.26,1635.72
20503,4,2,3,93.14,0.12,direct,unpaid,1023,101,5003,2025-11-25,2025-11-29,102.45,502.94,60.35,563.29
20504,12,1,1,34.48,0.12,OTA,pending,1024,101,5004,2025-11-21,2025-12-03,72.96,910.0,109.2,1019.2
20505,3,2,3,41.64,0.12,direct,paid,1025,102,5005,2025-12-04,2025-12-07,244.19,774.21,92.91,867.12
20506,5,2,3,37.07,0.12,phone,pending,1026,101,5006,2025-12-01,2025-12-06,322.84,1651.27,198.15,1849.42
20507,9,2,1,88.47,0.12,corporate,unpaid,1027,101,5007,2025-11-29,2025-12-08,85.41,857.16,102.86,960.02
20508,4,2,2,43.08,0.12,direct,paid,1028,101,5008,2025-12-03,2025-12-07,123.85,538.48,64.62,603.1
20509,14,2,3,33.23,0.12,corporate,pending,1029,102,5009,2025-11-27,2025-12-11,116.17,1659.61,199.15,1858.76
20510,12,2,0,18.83,0.12,phone,paid,1030,101,5010,2025-11-28,2025-12-10,225.49,2724.71,326.97,3051.68
20511,13,2,1,8.9,0.12,phone,paid,1031,100,5011,2025-11-30,2025-12-13,122.1,1596.2,191.54,1787.74
20512,8,2,1,37.69,0.12,direct,unpaid,1032,101,5012,2025-11-13,2025-11-21,302.37,2456.65,294.8,2751.45
20513,10,1,1,44.92,0.12,direct,pending,1033,101,5013,2025-11-14,2025-11-24,155.33,1598.22,191.79,1790.01
20514,14,1,1,79.62,0.12,phone,pending,1034,100,5014,2025-11-16,2025-11-30,237.27,3401.4,408.17,3809.57
20515,1,2,2,83.1,0.12,phone,pending,1035,102,5015,2025-11-28,2025-11-29,113.57,196.67,23.6,220.27
20516,4,2,0,37.21,0.12,OTA,paid,1036,100,5016,2025-11-21,2025-11-25,259.34,1074.57,128.95,1203.52
20517,4,2,1,53.6,0.12,OTA,paid,1037,102,5017,2025-11-24,2025-11-28,246.62,1040.08,124.81,1164.89
20518,8,2,0,12.89,0.12,OTA,paid,1038,101,5018,2025-11-22,2025-11-30,206.9,1668.09,200.17,1868.26
20519,9,1,0,20.45,0.12,OTA,unpaid,1039,100,5019,2025-11-21,2025-11-30,115.65,1061.3,127.36,1188.66
20520,6,2,3,66.91,0.12,OTA,unpaid,1040,100,5020,2025-11-25,2025-12-01,228.63,1438.69,172.64,1611.33
20521,8,2,1,96.31,0.12,OTA,pending,1041,100,5021,2025-11-23,2025-12-01,257.0,2152.31,258.28,2410.59
20522,14,1,0,96.34,0.12,corporate,paid,1042,101,5022,2025-11-23,2025-12-07,156.08,2281.46,273.78,2555.24
20523,10,2,1,61.54,0.12,OTA,unpaid,1043,101,5023,2025-11-28,2025-12-08,297.07,3032.24,363.87,3396.11
20524,8,1,0,51.91,0.12,phone,paid,1044,100,5024,2025-12-02,2025-12-10,184.03,1524.15,182.9,1707.05
20525,1,2,0,68.11,0.12,OTA,paid,1045,100,5025,2025-12-09,2025-12-10,112.61,180.72,21.69,202.41
20526,7,2,2,53.56,0.12,OTA,paid,1046,100,5026,2025-11-27,2025-12-04,174.01,1271.63,152.6,1424.23
20527,14,1,1,47.52,0.12,OTA,paid,1047,100,5027,2025-11-28,2025-12-12,180.01,2567.66,308.12,2875.78
20528,12,2,3,70.39,0.12,direct,paid,1048,102,5028,2025-11-14,2025-11-26,162.92,2025.43,243.05,2268.48
20529,14,2,2,82.6,0.12,corporate,paid,1049,101,5029,2025-11-15,2025-11-29,72.86,1102.64,132.32,1234.96
20530,9,1,2,79.77,0.12,direct,pending,1050,102,5030,2025-11-16,2025-11-25,240.97,2248.5,269.82,2518.32
20531,12,1,3,74.64,0.12,OTA,pending,1051,102,5031,2025-11-17,2025-11-29,183.47,2276.28,273.15,2549.43
20532,13,1,2,16.23,0.12,OTA,pending,1052,100,5032,2025-11-19,2025-12-02,173.65,2273.68,272.84,2546.52
20533,3,2,2,1.19,0.12,OTA,pending,1053,102,5033,2025-11-29,2025-12-02,86.49,260.66,31.28,291.94
20534,9,1,2,65.57,0.12,corporate,pending,1054,102,5034,2025-11-20,2025-11-29,106.88,1027.49,123.3,1150.79
20535,8,1,3,40.28,0.12,OTA,unpaid,1055,101,5035,2025-11-26,2025-12-04,89.55,756.68,90.8,847.48
20536,12,2,2,57.21,0.12,phone,paid,1056,102,5036,2025-11-24,2025-12-06,84.87,1075.65,129.08,1204.73
20537,10,1,2,79.81,0.12,corporate,paid,1057,101,5037,2025-11-25,2025-12-05,310.39,3183.71,382.05,3565.76
20538,11,1,3,92.22,0.12,phone,paid,1058,100,5038,2025-11-27,2025-12-08,228.83,2609.35,313.12,2922.47
20539,5,1,0,99.29,0.12,corporate,pending,1059,100,5039,2025-11-29,2025-12-04,361.1,1904.79,228.57,2133.36
20540,13,2,3,6.45,0.12,OTA,unpaid,1000,100,5040,2025-11-29,2025-12-12,174.04,2268.97,272.28,2541.25
20541,12,2,2,9.16,0.12,corporate,pending,1001,102,5041,2025-11-30,2025-12-12,156.95,1892.56,227.11,2119.67
20542,5,1,1,98.06,0.12,corporate,paid,1002,102,5042,2025-12-11,2025-12-16,335.45,1775.31,213.04,1988.35
20543,10,2,0,78.48,0.12,direct,paid,1003,100,5043,2025-12-05,2025-12-15,106.42,1142.68,137.12,1279.8
20544,12,1,0,24.54,0.12,direct,paid,1004,102,5044,2025-12-04,2025-12-16,99.44,1217.82,146.14,1363.96
20545,10,1,0,24.46,0.12,OTA,pending,1005,101,5045,2025-12-09,2025-12-19,300.62,3030.66,363.68,3394.34
20546,7,1,0,91.19,0.12,OTA,pending,1006,102,5046,2025-12-08,2025-12-15,137.47,1053.48,126.42,1179.9
20547,5,2,1,45.28,0.12,phone,paid,1007,102,5047,2025-12-11,2025-12-16,184.44,967.48,116.1,1083.58
20548,1,1,1,54.04,0.12,direct,paid,1008,100,5048,2025-12-16,2025-12-17,255.88,309.92,37.19,347.11
20549,13,1,0,82.2,0.12,phone,pending,1009,100,5049,2025-12-08,2025-12-21,164.2,2216.8,266.02,2482.82
20550,3,1,3,80.05,0.12,OTA,pending,1010,101,5050,2025-12-20,2025-12-23,312.33,1017.04,122.04,1139.08
20551,4,2,2,82.71,0.12,direct,pending,1011,100,5051,2025-12-20,2025-12-24,158.19,715.47,85.86,801.33
20552,12,2,2,33.95,0.12,corporate,pending,1012,100,5052,2025-12-13,2025-12-25,104.96,1293.47,155.22,1448.69
20553,2,1,3,48.08,0.12,OTA,unpaid,1013,101,5053,2025-12-25,2025-12-27,163.71,375.5,45.06,420.56
20554,13,1,2,8.77,0.12,phone,pending,1014,101,5054,2025-12-13,2025-12-26,198.32,2586.93,310.43,2897.36
20555,5,2,2,35.77,0.12,phone,paid,1015,101,5055,2025-12-14,2025-12-19,202.12,1046.37,125.56,1171.93
20556,11,2,0,42.38,0.12,phone,pending,1016,100,5056,2025-12-01,2025-12-12,107.14,1220.92,146.51,1367.43
20557,14,1,3,39.94,0.12,phone,paid,1017,102,5057,2025-12-01,2025-12-15,172.31,2452.28,294.27,2746.55
20558,1,1,2,85.3,0.12,direct,unpaid,1018,101,5058,2025-12-13,2025-12-14,76.63,161.93,19.43,181.36
20559,11,1,3,76.47,0.12,direct,pending,1019,101,5059,2025-12-02,2025-12-13,212.66,2415.73,289.89,2705.62
20560,9,1,2,47.27,0.12,corporate,pending,1020,100,5060,2025-12-05,2025-12-14,250.99,2306.18,276.74,2582.92
20561,3,2,2,30.32,0.12,direct,paid,1021,101,5061,2025-12-07,2025-12-10,303.51,940.85,112.9,1053.75
20562,9,2,1,74.15,0.12,phone,paid,1022,102,5062,2025-12-06,2025-12-15,238.42,2219.93,266.39,2486.32
20563,5,1,3,81.87,0.12,phone,pending,1023,101,5063,2025-12-15,2025-12-20,102.45,594.12,71.29,665.41
20564,8,2,1,63.78,0.12,OTA,paid,1024,101,5064,2025-12-14,2025-12-22,72.96,647.46,77.7,725.16
20565,5,1,1,84.64,0.12,direct,pending,1025,102,5065,2025-12-12,2025-12-17,244.19,1305.59,156.67,1462.26
20566,7,1,1,7.83,0.12,corporate,pending,1026,101,5066,2025-12-14,2025-12-21,322.84,2267.71,272.13,2539.84
20567,10,2,2,96.49,0.12,phone,unpaid,1027,101,5067,2025-12-14,2025-12-24,85.41,950.59,114.07,1064.66
20568,10,2,1,64.65,0.12,direct,unpaid,1028,101,5068,2025-12-15,2025-12-25,123.85,1303.15,156.38,1459.53
20569,7,2,0,35.51,0.12,phone,paid,1029,102,5069,2025-12-17,2025-12-24,116.17,848.7,101.84,950.54
20570,8,2,1,50.29,0.12,OTA,pending,1030,101,5070,2025-12-16,2025-12-24,225.49,1854.21,222.51,2076.72
20571,10,1,1,52.48,0.12,direct,pending,1031,100,5071,2025-12-19,2025-12-29,122.1,1273.48,152.82,1426.3
20572,9,2,1,73.67,0.12,corporate,unpaid,1032,101,5072,2025-12-03,2025-12-12,302.37,2795.0,335.4,3130.4
20573,12,2,0,43.35,0.12,direct,paid,1033,101,5073,2025-12-01,2025-12-13,155.33,1907.31,228.88,2136.19
20574,3,1,2,83.18,0.12,corporate,unpaid,1034,100,5074,2025-12-05,2025-12-08,237.27,794.99,95.4,890.39
20575,13,2,1,90.16,0.12,phone,paid,1035,102,5075,2025-12-04,2025-12-17,113.57,1566.57,187.99,1754.56
20576,5,1,2,53.08,0.12,OTA,unpaid,1036,100,5076,2025-12-12,2025-12-17,259.34,1349.78,161.97,1511.75
20577,4,1,2,88.75,0.12,corporate,paid,1037,102,5077,2025-12-15,2025-12-19,246.62,1075.23,129.03,1204.26
20578,4,2,0,6.62,0.12,direct,pending,1038,101,5078,2025-12-06,2025-12-10,206.9,834.22,100.11,934.33
20579,5,1,0,81.29,0.12,OTA,paid,1039,100,5079,2025-12-10,2025-12-15,115.65,659.54,79.14,738.68
20580,1,2,1,95.74,0.12,phone,pending,1040,100,5080,2025-12-08,2025-12-09,228.63,324.37,38.92,363.29
20581,12,1,0,12.8,0.12,OTA,pending,1041,100,5081,2025-12-10,2025-12-22,257.0,3096.8,371.62,3468.42
20582,12,2,2,84.38,0.12,direct,unpaid,1042,101,5082,2025-12-11,2025-12-23,156.08,1957.34,234.88,2192.22
20583,1,1,1,80.68,0.12,OTA,paid,1043,101,5083,2025-12-17,2025-12-18,297.07,377.75,45.33,423.08
20584,3,1,1,27.29,0.12,direct,unpaid,1044,100,5084,2025-12-11,2025-12-14,184.03,579.38,69.53,648.91
20585,1,1,1,42.67,0.12,phone,pending,1045,100,5085,2025-12-18,2025-12-19,112.61,155.28,18.63,173.91
20586,6,1,3,24.89,0.12,direct,unpaid,1046,100,5086,2025-12-18,2025-12-24,174.01,1068.95,128.27,1197.22
20587,10,2,1,95.12,0.12,corporate,paid,1047,100,5087,2025-12-14,2025-12-24,180.01,1895.22,227.43,2122.65
20588,13,2,0,14.93,0.12,corporate,unpaid,1048,102,5088,2025-11-30,2025-12-13,162.92,2132.89,255.95,2388.84
20589,2,2,0,63.23,0.12,corporate,unpaid,1049,101,5089,2025-12-01,2025-12-03,72.86,208.95,25.07,234.02
20590,13,2,1,36.06,0.12,OTA,pending,1050,102,5090,2025-12-01,2025-12-14,240.97,3168.67,380.24,3548.91
20591,8,2,0,14.14,0.12,corporate,unpaid,1051,102,5091,2025-12-06,2025-12-14,183.47,1481.9,177.83,1659.73
20592,10,2,2,80.75,0.12,direct,pending,1052,100,5092,2025-12-06,2025-12-16,173.65,1817.25,218.07,2035.32
20593,9,2,0,60.62,0.12,corporate,unpaid,1053,102,5093,2025-12-09,2025-12-18,86.49,839.03,100.68,939.71
20594,1,2,2,17.69,0.12,phone,unpaid,1054,102,5094,2025-12-11,2025-12-12,106.88,124.57,14.95,139.52
20595,14,2,3,26.59,0.12,direct,pending,1055,101,5095,2025-12-07,2025-12-21,89.55,1280.29,153.63,1433.92
20596,5,2,1,81.79,0.12,phone,paid,1056,102,5096,2025-12-13,2025-12-18,84.87,506.14,60.74,566.88
20597,1,1,0,20.32,0.12,direct,unpaid,1057,101,5097,2025-12-12,2025-12-13,310.39,330.71,39.69,370.4
20598,1,2,2,51.61,0.12,phone,pending,1058,100,5098,2025-12-14,2025-12-15,228.83,280.44,33.65,314.09
20599,1,1,1,34.81,0.12,phone,unpaid,1059,100,5099,2025-12-11,2025-12-12,361.1,395.91,47.51,443.42
20600,1,2,3,68.52,0.12,OTA,pending,1000,100,5100,2025-12-26,2025-12-27,174.04,242.56,29.11,271.67
20601,10,2,2,94.36,0.12,phone,unpaid,1001,102,5101,2025-12-21,2025-12-31,156.95,1663.86,199.66,1863.52
20602,7,1,0,13.92,0.12,OTA,pending,1002,102,5102,2025-12-20,2025-12-27,335.45,2362.07,283.45,2645.52
20603,2,2,0,77.17,0.12,direct,unpaid,1003,100,5103,2025-12-31,2026-01-02,106.42,290.01,34.8,324.81
20604,4,1,0,29.74,0.12,corporate,pending,1004,102,5104,2025-12-27,2025-12-31,99.44,427.5,51.3,478.8
20605,1,1,2,91.83,0.12,OTA,pending,1005,101,5105,2025-12-22,2025-12-23,300.62,392.45,47.09,439.54
20606,11,2,2,85.5,0.12,direct,pending,1006,102,5106,2025-12-25,2026-01-05,137.47,1597.67,191.72,1789.39
20607,12,2,3,15.65,0.12,phone,paid,1007,102,5107,2025-12-23,2026-01-04,184.44,2228.93,267.47,2496.4
20608,8,1,2,60.32,0.12,phone,pending,1008,100,5108,2025-12-28,2026-01-05,255.88,2107.36,252.88,2360.24
20609,3,1,3,57.62,0.12,phone,paid,1009,100,5109,2026-01-02,2026-01-05,164.2,550.22,66.03,616.25
20610,13,2,2,2.54,0.12,direct,paid,1010,101,5110,2025-12-26,2026-01-08,312.33,4062.83,487.54,4550.37
20611,4,1,0,37.16,0.12,corporate,paid,1011,100,5111,2026-01-03,2026-01-07,158.19,669.92,80.39,750.31
20612,13,1,3,52.86,0.12,OTA,paid,1012,100,5112,2025-12-29,2026-01-11,104.96,1417.34,170.08,1587.42
20613,6,1,3,60.42,0.12,OTA,unpaid,1013,101,5113,2026-01-04,2026-01-10,163.71,1042.68,125.12,1167.8
20614,7,1,0,82.17,0.12,direct,unpaid,1014,101,5114,2025-12-30,2026-01-06,198.32,1470.41,176.45,1646.86
20615,12,1,2,84.22,0.12,corporate,unpaid,1015,101,5115,2025-12-31,2026-01-12,202.12,2509.66,301.16,2810.82
20616,12,2,1,4.34,0.12,OTA,pending,1016,100,5116,2025-12-16,2025-12-28,107.14,1290.02,154.8,1444.82
20617,2,2,3,10.2,0.12,phone,pending,1017,102,5117,2025-12-24,2025-12-26,172.31,354.82,42.58,397.4
20618,9,2,1,74.25,0.12,OTA,paid,1018,101,5118,2025-12-23,2026-01-01,76.63,763.92,91.67,855.59
20619,2,2,2,21.74,0.12,phone,unpaid,1019,101,5119,2025-12-19,2025-12-21,212.66,447.06,53.65,500.71
